strategy,n_agents,density,n_runs,total_timesteps_mean,total_timesteps_ci,makespan_mean,makespan_ci,mean_agents_changed_mean,mean_agents_changed_ci,mean_agents_involved_mean,mean_agents_involved_ci,mean_repair_ms_mean,mean_repair_ms_ci,mean_repair_messages_mean,mean_repair_messages_ci,completion_rate_mean,completion_rate_ci,repair_failures_mean,repair_failures_ci
adopt,10,0.0,12,2624.3333,91.7659,353.1667,20.1012,0.0,0.0,0.0,0.0,0.0,0.0,0.0,0.0,1.0,0.0,0.0,0.0
adopt,10,0.01,12,4050.1667,608.2746,445.6667,59.1141,2.0737,0.2469,4.9457,0.5953,3.2436,0.6912,78.1975,20.2018,0.7467,0.0806,0.3333,0.3685
adopt,10,0.02,12,5245.75,1250.5486,550.6667,130.2535,1.965,0.2638,4.1347,0.4749,2.9509,0.6839,72.8125,17.4858,0.5961,0.076,1.9167,1.0642
adopt,10,0.03,12,5456.5833,1577.5905,557.1667,161.3067,1.9095,0.1873,4.0508,0.4449,3.0942,0.7724,70.7325,16.2077,0.4984,0.0951,3.4167,1.4567
adopt,10,0.04,12,4955.0,2030.5344,495.5,203.0534,1.9938,0.2258,4.1204,0.3506,3.4662,0.8854,81.2533,20.7255,0.3976,0.1286,4.0833,1.9219
adopt,20,0.0,12,5196.1667,149.6636,371.0,15.9268,0.0,0.0,0.0,0.0,0.0,0.0,0.0,0.0,1.0,0.0,0.0,0.0
adopt,20,0.01,12,7960.5,1000.3413,504.5,49.9544,2.8382,0.528,6.8104,0.7756,4.0727,1.1507,126.0267,41.3967,0.7378,0.0725,1.1667,0.5304
adopt,20,0.02,12,8840.8333,960.1873,494.1667,53.4322,2.9303,0.31,6.5351,0.4734,3.9227,0.2757,122.375,9.9848,0.618,0.0605,3.8333,1.3612
adopt,20,0.03,12,11595.4167,1900.2285,614.3333,101.1004,3.214,0.3083,6.8814,0.3975,4.5874,0.7649,146.2092,22.1276,0.5723,0.0349,5.75,1.6207
adopt,20,0.04,12,13047.0,1891.7366,684.25,102.0898,3.2007,0.3282,6.7352,0.4716,5.9384,2.2482,179.8917,59.3106,0.5395,0.0621,8.5,2.1646
adopt,30,0.0,12,7925.3333,142.3533,372.3333,17.982,0.0,0.0,0.0,0.0,0.0,0.0,0.0,0.0,1.0,0.0,0.0,0.0
adopt,30,0.01,12,10806.1667,1021.0486,474.8333,46.2336,4.7427,0.7997,10.0761,0.8562,5.8665,1.1049,177.85,35.9286,0.7745,0.0707,1.5833,1.0642
adopt,30,0.02,12,13612.25,1100.7954,553.75,53.5509,4.4636,0.4756,9.1614,0.4552,6.2206,0.8378,202.7083,28.9885,0.6715,0.0684,3.9167,1.6444
adopt,30,0.03,12,14886.75,967.7713,549.6667,32.4495,4.6238,0.3758,9.116,0.5134,7.8071,1.7221,253.4392,58.1041,0.6216,0.0544,7.1667,2.2994
adopt,30,0.04,12,18039.25,1998.2774,638.9167,74.7548,4.6931,0.5146,9.134,0.6174,7.812,1.2023,255.7467,36.3132,0.56,0.0768,9.8333,2.4937
adopt,40,0.0,12,10488.1667,213.5233,378.0833,17.578,0.0,0.0,0.0,0.0,0.0,0.0,0.0,0.0,1.0,0.0,0.0,0.0
adopt,40,0.01,12,13852.6667,1204.3618,506.5,63.4427,5.5387,0.8296,11.5001,1.0248,6.6666,1.4444,230.1033,54.4434,0.8493,0.036,1.25,0.5971
adopt,40,0.02,12,17124.25,1270.7118,586.8333,51.5459,5.8208,0.4594,11.2675,0.5058,7.2636,0.7947,238.8708,26.8463,0.7891,0.0428,2.8333,0.7565
adopt,40,0.03,12,20393.0833,1714.5959,634.4167,48.8444,5.784,0.4768,11.1423,0.4349,7.6782,0.6674,247.7808,23.9637,0.7629,0.0296,4.9167,0.9788
adopt,40,0.04,12,23083.25,2116.4924,668.5833,63.0211,5.8333,0.372,11.0719,0.377,7.9272,0.4616,255.5983,15.5969,0.6689,0.0479,7.6667,2.1624
adopt,60,0.0,12,15848.1667,373.4584,375.1667,13.9906,0.0,0.0,0.0,0.0,0.0,0.0,0.0,0.0,1.0,0.0,0.0,0.0
adopt,60,0.01,12,19312.9167,965.6371,502.3333,44.6462,6.8399,1.3846,13.6681,1.706,7.0563,1.5275,230.6392,45.4941,0.9047,0.031,1.0833,0.7802
adopt,60,0.02,12,21955.75,1360.3628,519.1667,39.896,7.68,0.8332,14.4953,1.0033,8.9901,1.3742,284.3383,40.4202,0.8371,0.0499,4.0,1.8843
adopt,60,0.03,12,27749.0,1884.3167,611.25,49.063,7.961,0.8489,14.7209,0.8807,9.7933,1.228,305.2525,33.6615,0.7519,0.0711,6.1667,2.2482
adopt,60,0.04,12,27439.3333,1884.6727,540.3333,54.869,8.0158,0.689,14.6815,0.8986,10.0448,1.6121,310.98,35.3045,0.6487,0.0833,12.0833,3.3208
adopt,80,0.0,12,21174.5,333.5865,390.6667,14.1118,0.0,0.0,0.0,0.0,0.0,0.0,0.0,0.0,0.9979,0.0028,0.0,0.0
adopt,80,0.01,12,23485.0833,2280.8822,441.8333,61.1043,9.8431,1.4177,18.4801,1.6165,9.4695,2.1642,308.0767,50.8481,0.8451,0.1255,1.5833,1.0081
adopt,80,0.02,12,27217.5,1371.3177,466.1667,47.2054,9.3041,0.8343,16.5779,1.6037,9.6954,1.1716,312.4075,36.5279,0.7345,0.1642,3.75,2.0911
adopt,80,0.03,12,30258.1667,1994.121,468.5,53.0269,8.8827,1.2944,15.6542,2.0856,11.079,1.7996,340.0008,42.9548,0.622,0.1622,6.4167,1.6086
adopt,80,0.04,12,36351.5,2680.5515,590.9167,41.1603,9.0151,1.1514,16.1924,1.7888,10.045,1.1397,328.9075,32.982,0.6895,0.1186,10.9167,2.4181
cbs,10,0.0,12,2624.3333,91.7659,353.1667,20.1012,0.0,0.0,0.0,0.0,0.0,0.0,0.0,0.0,1.0,0.0,0.0,0.0
cbs,10,0.01,12,4352.25,620.811,481.0833,58.8042,1.678,0.218,4.8847,0.5853,15.479,5.218,22.7558,10.6357,0.7402,0.0767,0.0,0.0
cbs,10,0.02,12,5457.3333,1024.884,584.8333,108.1151,1.4955,0.1863,4.2592,0.4829,22.331,12.8757,18.3117,6.4875,0.6021,0.1081,0.25,0.3517
cbs,10,0.03,12,5666.6667,1374.3417,581.1667,144.4067,1.4378,0.22,4.3566,0.4366,21.6144,7.2924,16.1058,5.1841,0.5048,0.1377,0.0,0.0
cbs,10,0.04,12,5897.9167,2198.4158,593.8333,222.0031,1.3314,0.2784,4.1318,0.4339,29.3638,26.5039,15.5292,3.5527,0.4132,0.1255,0.0,0.0
cbs,20,0.0,12,5196.1667,149.6636,371.0,15.9268,0.0,0.0,0.0,0.0,0.0,0.0,0.0,0.0,1.0,0.0,0.0,0.0
cbs,20,0.01,12,8194.25,1041.154,524.6667,53.6596,2.1121,0.3574,7.1934,0.7301,33.7094,12.8966,42.2708,16.2614,0.7374,0.0794,0.3333,0.2786
cbs,20,0.02,12,9752.75,1301.5289,549.25,67.4936,2.1315,0.2134,7.0353,0.5013,36.6599,8.9749,46.945,9.2595,0.6024,0.0641,0.4167,0.2913
cbs,20,0.03,12,11473.8333,1709.1569,619.4167,94.2832,2.0802,0.2185,7.3528,0.299,47.9554,11.0874,46.8533,7.334,0.6,0.066,0.6667,0.4405
cbs,20,0.04,12,14972.75,1993.5503,789.0,110.7648,2.0263,0.1855,7.3518,0.426,49.8919,12.2754,49.19,9.4871,0.5232,0.0732,0.8333,0.5304
cbs,30,0.0,12,7925.3333,142.3533,372.3333,17.982,0.0,0.0,0.0,0.0,0.0,0.0,0.0,0.0,1.0,0.0,0.0,0.0
cbs,30,0.01,12,10608.9167,892.7936,470.5,52.6346,3.7316,0.7003,10.3181,0.9658,64.4469,19.3915,54.2842,13.6419,0.7627,0.077,0.3333,0.2786
cbs,30,0.02,12,14392.75,994.9835,586.3333,41.2182,3.0851,0.3339,9.8261,0.5236,70.8778,15.4183,62.3308,9.9804,0.6426,0.0708,0.6667,0.5022
cbs,30,0.03,12,16218.6667,1373.9085,613.0,51.3559,3.1868,0.3937,10.3184,0.5823,88.2424,24.5473,61.82,10.6891,0.6228,0.0558,1.25,0.5971
cbs,30,0.04,12,18690.0833,2077.9555,664.3333,75.4001,2.9697,0.3679,10.1246,0.6456,112.2267,57.4479,68.9025,6.2152,0.5,0.0813,1.3333,0.5022
cbs,40,0.0,12,10488.1667,213.5233,378.0833,17.578,0.0,0.0,0.0,0.0,0.0,0.0,0.0,0.0,1.0,0.0,0.0,0.0
cbs,40,0.01,12,13403.0833,924.9896,491.6667,60.5755,4.3333,0.5278,12.315,1.0241,88.8434,23.6367,63.0617,13.4482,0.84,0.0387,0.1667,0.2202
cbs,40,0.02,12,17030.25,1006.3267,591.4167,46.9393,4.2797,0.364,12.3026,0.5057,94.0847,13.927,62.2308,9.8759,0.8201,0.0423,0.4167,0.4487
cbs,40,0.03,12,20380.25,1224.1833,642.75,31.3963,3.8942,0.2477,12.0286,0.3607,106.9768,33.0874,64.1542,11.8465,0.7472,0.0362,0.8333,0.3267
cbs,40,0.04,12,22740.9167,1888.9661,671.8333,60.2133,3.9518,0.3266,12.4229,0.5049,127.7102,16.3452,71.7408,7.2578,0.6991,0.053,0.9167,0.5637
cbs,60,0.0,12,15848.1667,373.4584,375.1667,13.9906,0.0,0.0,0.0,0.0,0.0,0.0,0.0,0.0,1.0,0.0,0.0,0.0
cbs,60,0.01,12,19470.8333,1088.7102,519.0,51.7944,5.3473,0.9921,14.6831,1.8743,179.4493,68.5435,74.6233,21.9132,0.9064,0.03,0.1667,0.2202
cbs,60,0.02,12,22224.8333,1405.4917,529.3333,44.6319,5.7005,0.4926,15.0524,1.1172,193.1101,76.2308,71.1908,15.4177,0.8308,0.0521,0.4167,0.2913
cbs,60,0.03,12,27581.8333,2653.5502,584.3333,42.7576,5.2977,0.4712,15.3887,0.7423,200.5814,60.09,80.5992,8.2888,0.7244,0.0793,1.1667,0.7565
cbs,60,0.04,12,29799.6667,2625.6816,617.1667,57.9313,5.1908,0.568,16.096,0.8624,229.192,73.5619,79.3092,9.1829,0.7058,0.0754,2.0,0.5395
cbs,80,0.0,12,21174.5,333.5865,390.6667,14.1118,0.0,0.0,0.0,0.0,0.0,0.0,0.0,0.0,0.9979,0.0028,0.0,0.0
cbs,80,0.01,12,24468.9167,970.1371,447.6667,27.1364,6.6174,0.7232,19.4332,1.6718,287.2287,149.8478,75.0667,17.8202,0.8968,0.0304,0.25,0.3517
cbs,80,0.02,12,28277.25,1794.8973,509.6667,31.5583,6.7983,0.4314,18.9422,1.1743,255.4919,99.1392,67.8008,13.2783,0.8394,0.0635,0.6667,0.5022
cbs,80,0.03,12,31055.5833,1559.8017,527.0833,45.4064,6.2403,0.3978,18.692,0.8352,271.3558,70.6298,77.7242,8.5812,0.7695,0.0609,1.0833,0.6589
cbs,80,0.04,12,34669.6667,4309.9671,560.1667,81.6818,6.3594,0.8051,18.7635,1.1705,320.4252,76.8161,83.8325,11.8984,0.7027,0.0872,1.8333,0.5304
full_replan,10,0.0,12,2624.3333,91.7659,353.1667,20.1012,0.0,0.0,0.0,0.0,0.0,0.0,0.0,0.0,1.0,0.0,0.0,0.0
full_replan,10,0.01,12,3832.8333,503.9439,467.3333,55.5092,3.4601,0.5679,10.0,0.0,39.2093,7.7641,16.9567,8.1383,0.9394,0.0557,3.25,2.9952
full_replan,10,0.02,12,4998.0833,643.2012,573.4167,79.4892,2.768,0.4929,10.0,0.0,61.2832,11.7952,12.0975,4.6164,0.7648,0.1135,17.75,7.3222
full_replan,10,0.03,12,5113.5,1669.2788,546.0,173.868,2.4876,0.3336,10.0,0.0,65.8869,14.2506,9.6333,2.6052,0.6131,0.1493,25.8333,10.2353
full_replan,10,0.04,12,4618.75,2106.8919,471.4167,219.4433,2.1642,0.3141,10.0,0.0,66.6455,12.1048,11.4175,3.1184,0.4781,0.1398,37.9167,9.4814
full_replan,20,0.0,12,5196.1667,149.6636,371.0,15.9268,0.0,0.0,0.0,0.0,0.0,0.0,0.0,0.0,1.0,0.0,0.0,0.0
full_replan,20,0.01,12,6974.4167,481.0407,486.75,49.1862,6.9903,0.9694,20.0,0.0,179.7956,126.1088,36.9992,14.6049,0.8745,0.0635,9.5833,3.4158
full_replan,20,0.02,12,8200.8333,828.6454,507.0,62.4778,6.5346,0.8298,20.0,0.0,303.5248,228.3116,35.0925,9.2014,0.77,0.082,22.9167,6.024
full_replan,20,0.03,12,9856.9167,1001.3989,573.4167,75.2545,5.7432,0.5096,20.0,0.0,275.048,132.138,35.6767,5.5659,0.7212,0.0704,37.75,8.0637
full_replan,20,0.04,12,12571.3333,1827.0623,673.5833,106.2882,5.4826,0.4568,20.0,0.0,378.7789,218.2472,36.6908,6.76,0.6412,0.0719,52.3333,7.7704
full_replan,30,0.0,12,7925.3333,142.3533,372.3333,17.982,0.0,0.0,0.0,0.0,0.0,0.0,0.0,0.0,1.0,0.0,0.0,0.0
full_replan,30,0.01,12,9863.5,625.8148,443.25,26.5035,12.9066,1.4824,30.0,0.0,222.1879,71.4842,47.9517,11.9734,0.8581,0.0821,8.3333,4.025
full_replan,30,0.02,12,12143.25,1176.291,533.4167,44.3264,11.0482,1.3584,30.0,0.0,812.9638,760.8016,52.0942,11.3554,0.8185,0.0921,22.3333,6.4391
full_replan,30,0.03,12,13605.0833,1225.5949,533.1667,34.8808,10.3259,1.1928,30.0,0.0,953.1006,865.2135,49.9933,7.1408,0.7206,0.0792,39.4167,4.9057
full_replan,30,0.04,12,17170.75,1798.5055,638.5,62.7601,9.8375,1.5538,30.0,0.0,958.5555,642.3039,56.1075,7.7236,0.6433,0.0853,56.25,3.0719
full_replan,40,0.0,12,10488.1667,213.5233,378.0833,17.578,0.0,0.0,0.0,0.0,0.0,0.0,0.0,0.0,1.0,0.0,0.0,0.0
full_replan,40,0.01,12,12198.6667,539.885,463.8333,48.3066,20.4511,1.8988,40.0,0.0,314.4053,101.681,58.3108,14.8235,0.9506,0.0243,9.5,3.1779
full_replan,40,0.02,12,14632.8333,845.7335,532.0,51.8298,17.3266,1.7806,40.0,0.0,844.7345,391.1715,57.2542,10.3578,0.9019,0.0458,23.8333,5.5428
full_replan,40,0.03,12,16214.0833,870.8773,547.6667,46.3791,17.0662,1.3261,40.0,0.0,1684.0861,1524.5176,57.2967,9.8741,0.8848,0.0426,37.3333,8.2288
full_replan,40,0.04,12,21029.0,1908.1327,683.8333,68.05,16.0459,1.4096,40.0,0.0,2881.0601,2290.4109,63.8017,9.7116,0.8059,0.0482,55.4167,3.953
full_replan,60,0.0,12,15848.1667,373.4584,375.1667,13.9906,0.0,0.0,0.0,0.0,0.0,0.0,0.0,0.0,1.0,0.0,0.0,0.0
full_replan,60,0.01,12,17585.3333,671.473,442.75,33.4778,33.9537,3.1242,60.0,0.0,1872.947,1906.9295,63.9133,21.5352,0.9626,0.0214,6.8333,3.0117
full_replan,60,0.02,12,19600.1667,952.5717,486.5833,39.8636,31.3137,1.8393,60.0,0.0,1505.9635,1752.2807,68.1025,12.4683,0.9455,0.0391,16.0,7.9542
full_replan,60,0.03,12,23146.4167,1196.7172,537.3333,25.0426,29.6173,2.9467,60.0,0.0,2434.4031,2118.9528,67.7725,7.4081,0.8463,0.0607,39.75,4.5911
full_replan,60,0.04,12,27442.1667,1669.6414,596.0833,58.1682,28.0607,2.8646,60.0,0.0,3751.9695,2087.4517,70.99,8.0678,0.7767,0.0532,54.8333,3.941
full_replan,80,0.0,12,21174.5,333.5865,390.6667,14.1118,0.0,0.0,0.0,0.0,0.0,0.0,0.0,0.0,0.9979,0.0028,0.0,0.0
full_replan,80,0.01,12,22877.25,277.5684,431.3333,14.5624,47.6595,3.8532,80.0,0.0,2837.7024,2026.7837,64.8225,13.368,0.9832,0.0088,6.5833,3.1033
full_replan,80,0.02,12,25664.8333,1202.2182,468.6667,24.9553,44.3691,3.9438,80.0,0.0,3920.0197,1998.7524,64.7175,7.6256,0.9319,0.0499,19.5833,7.2195
full_replan,80,0.03,12,28954.5,1422.1495,526.6667,33.5813,44.5147,4.2868,80.0,0.0,7071.9051,4703.101,68.905,10.0247,0.893,0.0473,43.25,2.3777
full_replan,80,0.04,12,32084.1667,1796.1193,558.5833,46.5108,42.8791,3.8921,80.0,0.0,11598.3303,8249.9926,75.1058,10.4263,0.832,0.0506,58.5833,2.6589
greedy_pgp,10,0.0,12,2624.3333,91.7659,353.1667,20.1012,0.0,0.0,0.0,0.0,0.0,0.0,0.0,0.0,1.0,0.0,0.0,0.0
greedy_pgp,10,0.01,12,4089.75,675.9195,455.75,67.378,2.1454,0.2514,5.0207,0.5672,2.1313,0.5967,31.9733,10.7193,0.7503,0.0772,0.25,0.2559
greedy_pgp,10,0.02,12,5248.9167,1272.5194,564.5,135.126,2.0504,0.2706,4.3684,0.4745,2.2888,0.9652,26.7925,8.0042,0.6367,0.1114,2.1667,1.1778
greedy_pgp,10,0.03,12,5315.6667,1595.6489,546.25,165.1874,1.9464,0.224,3.9919,0.443,1.7786,0.428,24.065,5.8262,0.497,0.112,3.6667,1.9649
greedy_pgp,10,0.04,12,5125.0,1901.6829,512.5,190.1683,2.0554,0.2336,4.191,0.3788,2.3318,0.5984,26.9533,5.7428,0.3879,0.1073,4.3333,1.8894
greedy_pgp,20,0.0,12,5196.1667,149.6636,371.0,15.9268,0.0,0.0,0.0,0.0,0.0,0.0,0.0,0.0,1.0,0.0,0.0,0.0
greedy_pgp,20,0.01,12,7934.5833,994.5533,505.5833,49.449,2.9384,0.4954,6.7833,0.7557,2.494,0.9422,50.9017,17.6976,0.7428,0.0691,1.25,0.5971
greedy_pgp,20,0.02,12,8972.75,914.9094,505.75,48.5184,3.135,0.3718,6.5514,0.5331,3.5554,0.8147,54.7642,6.9255,0.6264,0.052,4.1667,1.3178
greedy_pgp,20,0.03,12,11923.75,1915.1592,635.5833,104.2261,3.3001,0.3187,6.9429,0.3571,4.1328,1.1063,68.065,8.8588,0.5734,0.0363,6.3333,1.6945
greedy_pgp,20,0.04,12,13044.5,1874.9372,679.5,99.2408,3.3127,0.3298,6.7894,0.4938,4.6356,1.6889,68.5025,12.0571,0.5429,0.0831,9.0,2.3638
greedy_pgp,30,0.0,12,7925.3333,142.3533,372.3333,17.982,0.0,0.0,0.0,0.0,0.0,0.0,0.0,0.0,1.0,0.0,0.0,0.0
greedy_pgp,30,0.01,12,10795.5,1012.2705,474.6667,46.1766,4.8619,0.8038,10.0558,0.832,4.4258,1.4543,68.1208,14.0698,0.77,0.0699,1.6667,1.1901
greedy_pgp,30,0.02,12,13849.3333,1267.6388,563.6667,54.313,4.5985,0.5009,9.3011,0.5497,5.4429,1.3853,79.97,15.0821,0.6912,0.0559,4.0833,1.7138
greedy_pgp,30,0.03,12,15087.8333,1105.9591,560.6667,35.8027,4.8931,0.4562,9.2137,0.5619,7.3138,2.0956,82.2125,13.8437,0.6254,0.0469,7.9167,2.3572
greedy_pgp,30,0.04,12,18822.25,1798.2866,669.25,63.1271,4.7749,0.4979,9.1789,0.6195,13.3643,6.4148,91.03,9.929,0.553,0.0697,11.1667,2.2352
greedy_pgp,40,0.0,12,10488.1667,213.5233,378.0833,17.578,0.0,0.0,0.0,0.0,0.0,0.0,0.0,0.0,1.0,0.0,0.0,0.0
greedy_pgp,40,0.01,12,13757.9167,1022.0635,507.8333,55.1075,5.6944,0.8174,11.4855,1.0187,6.6965,2.1012,88.35,13.8733,0.8579,0.0351,1.3333,0.6965
greedy_pgp,40,0.02,12,16909.75,1059.5073,569.3333,45.7416,5.9505,0.3763,11.2264,0.4633,7.6781,1.2792,89.1375,10.8117,0.7925,0.0318,2.4167,0.9174
greedy_pgp,40,0.03,12,20053.0833,1136.6003,636.25,44.2953,6.0376,0.5114,11.365,0.3946,12.657,7.0528,91.5867,11.7024,0.7675,0.0337,5.1667,1.2023
greedy_pgp,40,0.04,12,21315.25,1407.3037,622.6667,55.6391,5.9455,0.296,11.0607,0.3533,9.5739,1.8101,97.4625,9.9038,0.6683,0.059,9.25,1.8235
greedy_pgp,60,0.0,12,15848.1667,373.4584,375.1667,13.9906,0.0,0.0,0.0,0.0,0.0,0.0,0.0,0.0,1.0,0.0,0.0,0.0
greedy_pgp,60,0.01,12,19309.0833,977.635,505.75,43.7978,6.8245,1.3345,13.6787,1.6913,9.1052,3.9379,93.3283,21.715,0.9074,0.0292,1.0833,0.7802
greedy_pgp,60,0.02,12,22329.4167,1341.3916,535.4167,31.767,7.6696,0.8339,14.1834,1.0257,12.9287,3.9222,98.6008,14.894,0.8419,0.0507,3.6667,1.9048
greedy_pgp,60,0.03,12,26415.6667,1554.8548,603.5833,47.4677,7.8937,0.8288,14.6482,0.9372,12.1878,3.1679,112.5758,10.0514,0.7879,0.0601,7.0833,2.4061
greedy_pgp,60,0.04,12,29088.25,2366.8153,597.6667,65.445,8.0843,0.6224,14.4637,0.6508,20.4553,7.2471,114.265,8.6066,0.6889,0.073,13.4167,3.2048
greedy_pgp,80,0.0,12,21174.5,333.5865,390.6667,14.1118,0.0,0.0,0.0,0.0,0.0,0.0,0.0,0.0,0.9979,0.0028,0.0,0.0
greedy_pgp,80,0.01,12,23595.8333,2303.2836,447.25,63.8518,9.8215,1.2509,18.3334,1.5428,11.4833,3.0176,110.5642,16.8427,0.8483,0.126,1.5833,1.0081
greedy_pgp,80,0.02,12,26912.1667,1350.0146,452.5833,48.0624,9.7784,1.2041,16.9377,1.7995,21.3322,12.2645,130.5925,22.7235,0.7112,0.1663,3.5833,1.8128
greedy_pgp,80,0.03,12,31521.5833,1702.0075,499.8333,48.9963,8.9984,1.3161,15.7229,2.1386,23.0824,9.083,136.1933,22.6306,0.6584,0.1564,7.8333,2.2482
greedy_pgp,80,0.04,12,36331.25,2192.377,568.3333,38.0374,9.2386,1.2852,16.0731,1.9048,23.1093,7.1893,124.0092,17.6191,0.6661,0.1169,12.0,2.2373
selfish,10,0.0,12,2624.3333,91.7659,353.1667,20.1012,0.0,0.0,0.0,0.0,0.0,0.0,0.0,0.0,1.0,0.0,0.0,0.0
selfish,10,0.01,12,4272.25,543.3166,481.8333,50.3602,2.3668,0.2416,4.9542,0.5588,6.7068,0.9399,20.5508,10.1185,0.8235,0.0543,0.4167,0.5094
selfish,10,0.02,12,5277.0833,794.4834,563.0,80.7257,2.2324,0.279,4.5112,0.4419,9.2684,4.2524,18.095,4.5919,0.6521,0.1,3.0,1.6003
selfish,10,0.03,12,6410.4167,1556.7044,663.75,161.0209,2.1316,0.1634,4.2218,0.3565,9.4957,4.4586,15.3617,4.7739,0.5942,0.132,4.8333,2.2221
selfish,10,0.04,12,5763.0,2124.8024,578.5833,215.1908,2.1407,0.1329,4.1824,0.3815,11.1187,4.6982,17.33,6.222,0.4473,0.1192,5.4167,1.764
selfish,20,0.0,12,5196.1667,149.6636,371.0,15.9268,0.0,0.0,0.0,0.0,0.0,0.0,0.0,0.0,1.0,0.0,0.0,0.0
selfish,20,0.01,12,7925.0833,917.0408,514.3333,55.9645,3.0989,0.645,6.8257,0.9026,10.6572,3.0856,41.7142,18.3453,0.7658,0.0632,1.1667,0.5304
selfish,20,0.02,12,9224.9167,1163.587,521.25,61.7629,3.1821,0.2845,6.9952,0.4313,11.8941,1.6599,42.0883,7.1186,0.6289,0.064,4.1667,1.5973
selfish,20,0.03,12,11158.75,1564.8942,597.4167,84.7406,3.2419,0.2011,6.9508,0.2063,13.3198,1.0015,49.845,6.955,0.5917,0.0477,6.1667,2.0448
selfish,20,0.04,12,12672.75,1581.534,665.5833,92.8148,3.343,0.2101,6.9518,0.352,18.122,2.9145,50.4225,8.578,0.5352,0.0776,11.0,2.4839
selfish,30,0.0,12,7925.3333,142.3533,372.3333,17.982,0.0,0.0,0.0,0.0,0.0,0.0,0.0,0.0,1.0,0.0,0.0,0.0
selfish,30,0.01,12,10804.8333,912.1843,479.75,33.5941,5.1302,0.7313,10.3633,0.8401,22.0117,2.8897,54.9217,15.3855,0.7936,0.074,1.8333,1.2262
selfish,30,0.02,12,13711.5,1049.792,570.75,66.1865,4.5857,0.4919,9.2587,0.6595,27.5534,12.7165,63.4142,12.1598,0.6832,0.0649,3.9167,1.5346
selfish,30,0.03,12,15544.6667,1711.8838,574.9167,58.502,4.5931,0.3913,9.2713,0.5761,33.2533,14.7762,64.3842,12.2938,0.6135,0.0581,6.8333,1.4239
selfish,30,0.04,12,18528.5833,2158.886,654.6667,73.3664,4.6568,0.4094,9.2782,0.6665,34.7222,12.8191,71.9358,9.4436,0.5429,0.0738,10.4167,2.137
selfish,40,0.0,12,10488.1667,213.5233,378.0833,17.578,0.0,0.0,0.0,0.0,0.0,0.0,0.0,0.0,1.0,0.0,0.0,0.0
selfish,40,0.01,12,13242.3333,890.5601,480.0833,50.6504,5.8537,0.656,11.4172,0.8815,31.3769,5.8087,61.7058,12.7532,0.868,0.0298,1.1667,0.6307
selfish,40,0.02,12,16547.0833,1172.8751,558.5,40.2596,5.8376,0.4159,11.5591,0.5795,32.2872,4.3057,63.8367,10.5941,0.8212,0.031,2.5833,1.0912
selfish,40,0.03,12,19096.1667,1130.2215,587.0833,34.2745,5.6818,0.3769,11.2634,0.5319,36.1898,7.529,61.7008,8.6719,0.7599,0.0384,4.6667,0.881
selfish,40,0.04,12,21725.3333,1693.1873,641.9167,54.1161,5.9276,0.3233,11.5438,0.4847,39.7524,6.0387,71.8783,8.853,0.705,0.0487,7.5833,1.6444
selfish,60,0.0,12,15848.1667,373.4584,375.1667,13.9906,0.0,0.0,0.0,0.0,0.0,0.0,0.0,0.0,1.0,0.0,0.0,0.0
selfish,60,0.01,12,18948.75,1014.4342,493.5833,48.2491,6.9898,1.1324,13.7213,1.5688,74.2167,39.5078,68.5592,20.6729,0.917,0.0282,1.0,0.6824
selfish,60,0.02,12,21969.0833,1203.6746,529.1667,33.702,7.7646,0.7454,14.8533,1.0181,78.6898,32.2383,71.4192,16.0821,0.862,0.0396,3.5833,1.8288
selfish,60,0.03,12,25458.75,1161.1555,555.3333,30.1548,7.9092,0.764,14.9496,1.0192,79.5099,22.9158,79.6833,12.6734,0.7751,0.0495,7.75,1.947
selfish,60,0.04,12,28118.4167,1632.5104,577.5,47.5608,7.8522,0.5296,14.7202,0.6702,84.8539,26.4525,81.6925,11.3433,0.7206,0.0512,12.75,2.5886
selfish,80,0.0,12,21174.5,333.5865,390.6667,14.1118,0.0,0.0,0.0,0.0,0.0,0.0,0.0,0.0,0.9979,0.0028,0.0,0.0
selfish,80,0.01,12,24187.3333,677.4797,442.5833,28.3235,9.7102,1.116,17.8717,1.5779,72.8889,13.3543,70.83,18.8918,0.9153,0.0204,2.0833,0.9788
selfish,80,0.02,12,27544.25,1278.6702,487.0,30.5458,9.1792,0.6263,17.1316,0.8991,88.8198,15.7455,72.8008,11.9031,0.8506,0.0508,4.3333,2.0089
selfish,80,0.03,12,31649.6667,1797.478,550.4167,38.2816,9.1118,0.56,16.9798,0.738,91.1058,8.6503,74.4517,9.1372,0.8044,0.0514,8.75,2.4619
selfish,80,0.04,12,36037.9167,2905.8533,599.0,49.591,9.0693,0.6365,17.0984,0.9821,118.0929,31.4569,83.8867,11.2488,0.7501,0.0594,11.8333,3.1533
