strategy,n_agents,density,seed,beta,tau,k_max,epsilon,social_laws,total_timesteps,makespan,tasks_completed,tasks_total,completion_rate,agents_finished,agents_stranded,n_disruptions,repairs_performed,mean_agents_changed,max_agents_changed,mean_agents_involved,mean_episode_size,max_episode_size,mean_reported_changes,mean_repair_ms,total_repair_ms,mean_repair_messages,mean_repair_cycles,mean_repair_hops,low_level_searches,repair_failures,abandoned_agents,solver_timeouts,safety_truncations,initial_plan_ms,initial_sum_of_costs,cost_over_initial,collisions_detected,sweep,wall_s,disruption_CellBlockage,disruption_AgentBreakdown,disruption_EmergencyTask
adopt,30,0.02,1,0.0,0,6,0.0,False,14038,517,66,126,0.5238,6,17,33,24,5.6667,16,9.4583,5.8039,6,5.5,7.0915,170.197,241.43,10.29,1.208,0,3,3,0,0,240.959,7965,1.7625,0,beta,6.169,18,9,6
adopt,30,0.02,1,1.0,0,6,0.0,False,14017,528,72,126,0.5714,8,15,33,25,5.6,16,9.4,5.8039,6,5.48,6.9901,174.752,228.82,10.48,1.2,0,3,3,0,0,240.959,7965,1.7598,0,beta,6.659,18,9,6
adopt,30,0.02,1,2.0,0,6,0.0,False,13815,517,68,126,0.5397,7,16,33,25,5.44,16,9.28,5.7692,6,5.32,6.8334,170.834,221.71,9.48,1.28,0,3,3,0,0,240.959,7965,1.7345,0,beta,6.526,18,9,6
adopt,30,0.02,1,4.0,0,6,0.0,False,13927,524,73,126,0.5794,8,15,33,26,5.4231,16,9.6538,5.8889,6,5.3077,7.2966,189.712,235.15,11.46,1.5,0,3,3,0,0,240.959,7965,1.7485,0,beta,6.868,18,9,6
adopt,30,0.02,1,10.0,0,6,0.0,False,13694,515,75,126,0.5952,9,14,33,27,5.1481,16,9.3333,5.8704,6,5.037,6.9502,187.656,223.43,9.89,1.407,0,2,2,0,0,240.959,7965,1.7193,0,beta,6.873,18,9,6
adopt,30,0.02,1,25.0,0,6,0.0,False,13694,515,75,126,0.5952,9,14,33,27,5.1481,16,9.3333,5.8704,6,5.037,6.4005,172.814,219.43,10.0,1.407,0,2,2,0,0,240.959,7965,1.7193,0,beta,6.767,18,9,6
adopt,30,0.02,1,60.0,0,6,0.0,False,14162,537,75,126,0.5952,9,14,33,27,5.1111,16,9.037,5.7222,6,5.0,6.6244,178.859,220.93,10.0,1.259,0,2,2,0,0,243.907,7965,1.778,0,beta,6.747,18,9,6
adopt,30,0.02,2,0.0,0,6,0.0,False,14167,511,60,117,0.5128,7,17,33,23,3.8261,14,8.4783,5.7436,6,3.7826,5.8009,133.421,210.5,9.65,1.522,0,5,12,0,0,239.933,7834,1.8084,0,beta,4.497,20,8,5
adopt,30,0.02,2,1.0,0,6,0.0,False,14164,511,60,117,0.5128,7,17,33,23,3.4783,14,8.2609,5.641,6,3.4348,5.6416,129.756,210.29,9.3,1.609,0,5,12,0,0,218.662,7834,1.808,0,beta,4.536,20,8,5
adopt,30,0.02,2,2.0,0,6,0.0,False,14174,511,58,117,0.4957,7,17,33,22,3.4091,14,8.3636,5.7027,6,3.3636,6.1887,136.151,226.79,9.5,1.455,0,5,12,0,0,218.662,7834,1.8093,0,beta,4.249,20,8,5
adopt,30,0.02,2,4.0,0,6,0.0,False,14174,511,58,117,0.4957,7,17,33,22,3.3636,14,8.3636,5.7027,6,3.3182,7.0068,154.149,241.88,11.14,1.545,0,5,12,0,0,218.245,7834,1.8093,0,beta,4.27,20,8,5
adopt,30,0.02,2,10.0,0,6,0.0,False,14084,511,62,118,0.5254,8,16,33,22,3.3182,14,8.3182,5.6053,6,3.3182,6.7733,149.012,233.18,10.23,1.364,0,5,12,0,0,218.245,7834,1.7978,0,beta,4.271,20,8,5
adopt,30,0.02,2,25.0,0,6,0.0,False,14084,511,62,118,0.5254,8,16,33,22,3.3182,14,8.3182,5.6053,6,3.3182,6.0684,133.504,219.36,9.27,1.364,0,5,12,0,0,214.977,7834,1.7978,0,beta,4.184,20,8,5
adopt,30,0.02,2,60.0,0,6,0.0,False,14066,509,65,118,0.5508,9,15,33,23,3.3913,14,8.6087,5.8718,6,3.3913,8.8735,204.091,315.71,16.61,1.565,0,5,12,0,0,214.977,7834,1.7955,0,beta,4.599,20,8,5
adopt,30,0.02,3,0.0,0,6,0.0,False,13356,546,79,114,0.693,13,13,33,27,3.9259,15,8.8889,5.8936,6,3.7407,6.0988,164.667,185.14,11.0,1.259,0,3,3,0,0,274.977,8075,1.654,0,beta,7.259,24,5,4
adopt,30,0.02,3,1.0,0,6,0.0,False,13294,551,81,113,0.7168,14,12,33,28,4.2143,15,9.5,6.0,6,4.0,6.1643,172.6,167.94,9.21,1.321,0,1,2,0,0,274.977,8075,1.6463,0,beta,8.198,24,5,4
adopt,30,0.02,3,2.0,0,6,0.0,False,13264,548,81,113,0.7168,14,12,33,30,4.0,15,9.2667,6.0,6,3.8333,5.78,173.401,161.24,8.57,1.367,0,1,2,0,0,253.697,8075,1.6426,0,beta,8.269,24,5,4
adopt,30,0.02,3,4.0,0,6,0.0,False,12823,542,88,114,0.7719,15,11,33,28,4.2857,15,9.6786,6.0,6,4.0714,6.5074,182.207,204.25,11.89,1.179,0,3,3,0,0,253.697,8075,1.588,0,beta,8.682,24,5,4
adopt,30,0.02,3,10.0,0,6,0.0,False,12829,542,88,114,0.7719,15,11,33,26,4.1923,15,9.7692,6.0,6,3.9615,6.2828,163.354,201.71,11.42,1.154,0,3,3,0,0,253.859,8075,1.5887,0,beta,8.078,24,5,4
adopt,30,0.02,3,25.0,0,6,0.0,False,12829,542,88,114,0.7719,15,11,33,26,4.1923,15,9.7692,6.0,6,3.9615,6.5119,169.31,185.59,10.38,1.154,0,3,3,0,0,253.859,8075,1.5887,0,beta,8.222,24,5,4
adopt,30,0.02,3,60.0,0,6,0.0,False,12567,544,88,114,0.7719,16,10,33,26,4.2308,15,9.8846,6.0,6,4.0,5.8166,151.231,165.68,8.65,1.192,0,3,3,0,0,276.473,8075,1.5563,0,beta,8.069,24,5,4
adopt,30,0.02,4,0.0,0,6,0.0,False,10462,391,77,102,0.7549,14,11,33,25,4.24,10,9.12,5.8,6,4.08,4.4688,111.72,133.81,6.92,1.28,0,3,6,0,0,243.815,8145,1.2845,0,beta,7.711,25,6,2
adopt,30,0.02,4,1.0,0,6,0.0,False,10466,391,77,102,0.7549,14,11,33,25,3.96,10,9.16,5.8,6,3.8,4.8486,121.216,138.38,7.36,1.28,0,3,6,0,0,246.794,8145,1.285,0,beta,7.706,25,6,2
adopt,30,0.02,4,2.0,0,6,0.0,False,10466,391,77,102,0.7549,14,11,33,25,3.92,10,9.16,5.8,6,3.76,4.5062,112.655,136.16,7.4,1.28,0,3,6,0,0,246.794,8145,1.285,0,beta,7.702,25,6,2
adopt,30,0.02,4,4.0,0,6,0.0,False,10466,391,77,102,0.7549,14,11,33,25,3.84,10,9.2,5.8,6,3.68,4.5784,114.46,138.28,7.48,1.28,0,3,6,0,0,248.844,8145,1.285,0,beta,7.689,25,6,2
adopt,30,0.02,4,10.0,0,6,0.0,False,10466,391,77,102,0.7549,14,11,33,25,3.84,10,9.2,5.8,6,3.68,4.4431,111.078,136.81,7.44,1.28,0,3,6,0,0,248.844,8145,1.285,0,beta,7.703,25,6,2
adopt,30,0.02,4,25.0,0,6,0.0,False,10466,391,77,102,0.7549,14,11,33,25,3.84,10,9.2,5.8,6,3.68,4.5467,113.667,134.78,7.24,1.28,0,3,6,0,0,256.529,8145,1.285,0,beta,7.639,25,6,2
adopt,30,0.02,4,60.0,0,6,0.0,False,10466,391,77,102,0.7549,14,11,33,25,3.84,10,9.2,5.8,6,3.68,4.6163,115.407,134.78,7.24,1.28,0,3,6,0,0,256.529,8145,1.285,0,beta,7.707,25,6,2
adopt,30,0.02,5,0.0,0,6,0.0,False,15452,704,112,126,0.8889,21,6,33,30,5.2,17,9.6667,5.9828,6,5.2,6.5313,195.94,220.28,9.87,1.333,0,1,1,0,0,237.834,8281,1.866,0,beta,7.547,24,3,6
adopt,30,0.02,5,1.0,0,6,0.0,False,15330,699,108,126,0.8571,20,7,33,31,4.871,17,9.2581,5.7797,6,4.8387,7.1091,220.381,231.25,10.74,1.29,0,1,1,0,0,237.834,8281,1.8512,0,beta,7.131,24,3,6
adopt,30,0.02,5,2.0,0,6,0.0,False,15335,699,108,126,0.8571,20,7,33,31,4.7742,16,9.129,5.7966,6,4.7419,7.6423,236.912,262.23,12.45,1.29,0,1,1,0,0,278.34,8281,1.8518,0,beta,7.329,24,3,6
adopt,30,0.02,5,4.0,0,6,0.0,False,15335,699,108,126,0.8571,20,7,33,31,4.7097,16,9.129,5.7966,6,4.6774,7.6416,236.891,262.43,12.42,1.29,0,1,1,0,0,278.34,8281,1.8518,0,beta,7.396,24,3,6
adopt,30,0.02,5,10.0,0,6,0.0,False,16322,700,94,126,0.746,17,10,33,30,4.2667,15,9.2667,5.9091,6,4.2667,6.8145,204.435,212.67,9.37,1.2,0,2,2,0,0,267.536,8281,1.971,0,beta,6.858,24,3,6
adopt,30,0.02,5,25.0,0,6,0.0,False,16322,700,94,126,0.746,17,10,33,30,4.2667,15,9.2667,5.9091,6,4.2667,6.5658,196.973,210.28,9.3,1.2,0,2,2,0,0,267.536,8281,1.971,0,beta,6.867,24,3,6
adopt,30,0.02,5,60.0,0,6,0.0,False,16322,700,94,126,0.746,17,10,33,30,4.2667,15,9.2667,5.9091,6,4.2667,6.6815,200.444,215.97,9.63,1.2,0,2,2,0,0,233.844,8281,1.971,0,beta,6.88,24,3,6
adopt,30,0.02,6,0.0,0,6,0.0,False,15993,621,64,96,0.6667,9,12,33,21,7.0476,18,11.1905,5.9608,6,6.9048,7.6486,160.621,196.39,10.19,1.381,0,7,19,0,0,239.427,8014,1.9956,0,beta,6.023,22,10,1
adopt,30,0.02,6,1.0,0,6,0.0,False,18036,688,68,96,0.7083,8,13,33,22,6.3182,18,10.8182,5.8824,6,6.2273,6.9643,153.215,185.03,10.36,1.409,0,6,17,0,0,261.589,8014,2.2506,0,beta,6.03,22,10,1
adopt,30,0.02,6,2.0,0,6,0.0,False,17506,696,69,96,0.7188,10,11,33,23,6.0435,17,10.0,5.7115,6,5.9565,7.5205,172.972,217.36,14.09,1.348,0,6,18,0,0,261.589,8014,2.1844,0,beta,5.951,22,10,1
adopt,30,0.02,6,4.0,0,6,0.0,False,17506,696,69,96,0.7188,10,11,33,23,6.0435,17,10.0,5.7115,6,5.9565,7.731,177.813,219.91,14.26,1.348,0,6,18,0,0,240.559,8014,2.1844,0,beta,5.953,22,10,1
adopt,30,0.02,6,10.0,0,6,0.0,False,17464,694,69,96,0.7188,10,11,33,23,6.087,17,9.9565,5.7451,6,6.0435,6.9524,159.906,202.0,12.96,1.391,0,6,18,0,0,240.559,8014,2.1792,0,beta,5.822,22,10,1
adopt,30,0.02,6,25.0,0,6,0.0,False,17464,694,69,96,0.7188,10,11,33,23,6.087,17,9.9565,5.7451,6,6.0435,6.8625,157.837,201.82,13.04,1.391,0,6,18,0,0,250.553,8014,2.1792,0,beta,5.839,22,10,1
adopt,30,0.02,6,60.0,0,6,0.0,False,17464,694,69,96,0.7188,10,11,33,23,6.087,17,9.9565,5.7451,6,6.0435,7.4983,172.461,219.85,14.57,1.391,0,6,18,0,0,250.553,8014,2.1792,0,beta,5.956,22,10,1
adopt,30,0.02,7,0.0,0,6,0.0,False,12532,477,52,109,0.4771,8,21,33,23,5.1739,19,8.5652,5.5227,6,5.0,5.1222,117.812,159.39,6.74,1.478,0,6,20,0,0,254.716,7780,1.6108,0,beta,4.815,28,1,4
adopt,30,0.02,7,1.0,0,6,0.0,False,11914,449,57,107,0.5327,10,19,33,22,5.5455,17,8.7727,5.878,6,5.3182,6.0383,132.843,199.3,10.0,1.273,0,5,19,0,0,254.716,7780,1.5314,0,beta,5.408,28,1,4
adopt,30,0.02,7,2.0,0,6,0.0,False,12937,495,54,107,0.5047,9,20,33,23,5.0,17,8.5217,5.6512,6,4.8261,6.5811,151.366,208.75,11.48,1.391,0,7,22,0,0,243.146,7780,1.6629,0,beta,4.737,28,1,4
adopt,30,0.02,7,4.0,0,6,0.0,False,12229,477,55,104,0.5288,11,18,33,23,4.5217,17,7.8696,5.561,6,4.3913,4.7369,108.949,130.18,7.35,1.478,0,5,20,0,0,243.146,7780,1.5719,0,beta,4.42,28,1,4
adopt,30,0.02,7,10.0,0,6,0.0,False,12260,477,55,104,0.5288,11,18,33,23,4.4348,17,8.2174,5.7561,6,4.3043,4.8417,111.358,129.11,7.39,1.696,0,5,20,0,0,241.545,7780,1.5758,0,beta,4.593,28,1,4
adopt,30,0.02,7,25.0,0,6,0.0,False,12260,477,55,104,0.5288,11,18,33,23,4.4348,17,8.2174,5.7561,6,4.3043,4.9982,114.958,130.18,7.48,1.696,0,5,20,0,0,241.545,7780,1.5758,0,beta,4.599,28,1,4
adopt,30,0.02,7,60.0,0,6,0.0,False,12260,477,55,104,0.5288,11,18,33,23,4.4348,17,8.2174,5.7561,6,4.3043,4.8016,110.438,130.18,7.48,1.696,0,5,20,0,0,254.716,7780,1.5758,0,beta,4.44,28,1,4
adopt,30,0.02,8,0.0,0,6,0.0,False,11918,473,93,115,0.8087,17,11,33,26,4.6154,15,9.7308,5.82,6,4.4615,5.2069,135.381,186.33,8.31,1.308,0,0,0,0,0,218.906,7989,1.4918,0,beta,6.289,26,2,5
adopt,30,0.02,8,1.0,0,6,0.0,False,11927,473,93,115,0.8087,17,11,33,26,4.5,15,9.6538,5.898,6,4.3077,5.2869,137.46,195.73,8.92,1.231,0,0,0,0,0,244.256,7989,1.4929,0,beta,6.233,26,2,5
adopt,30,0.02,8,2.0,0,6,0.0,False,11927,473,93,115,0.8087,17,11,33,26,4.5,15,9.6538,5.898,6,4.3077,5.5798,145.074,201.42,9.42,1.231,0,0,0,0,0,244.256,7989,1.4929,0,beta,6.206,26,2,5
adopt,30,0.02,8,4.0,0,6,0.0,False,12928,563,92,115,0.8,18,10,33,27,4.3333,12,9.1852,5.8571,6,4.1481,5.42,146.341,180.32,9.59,1.259,0,0,0,0,0,228.219,7989,1.6182,0,beta,6.268,26,2,5
adopt,30,0.02,8,10.0,0,6,0.0,False,12926,563,92,115,0.8,18,10,33,27,4.3333,12,9.1852,5.8571,6,4.1481,5.3858,145.417,179.85,9.67,1.259,0,0,0,0,0,228.219,7989,1.618,0,beta,6.119,26,2,5
adopt,30,0.02,8,25.0,0,6,0.0,False,12926,563,92,115,0.8,18,10,33,27,4.3333,12,9.1852,5.8571,6,4.1481,5.4166,146.249,179.85,9.67,1.259,0,0,0,0,0,229.74,7989,1.618,0,beta,6.303,26,2,5
adopt,30,0.02,8,60.0,0,6,0.0,False,12926,563,92,115,0.8,18,10,33,27,4.3333,12,9.1852,5.8571,6,4.1481,5.6513,152.584,182.82,9.89,1.259,0,0,0,0,0,229.74,7989,1.618,0,beta,6.21,26,2,5
